it,sampling_method,dataset,rotulo,loss_strategy,size,Macro F1
1,No update,airbnb,,batl,500,0.5756836664437208
1,No update,yelp,,batl,500,0.5444880608237564
1,No update,airbnb,,batl,500,0.6678753571555764
1,No update,yelp,,batl,500,0.6005485366473575
1,No update,airbnb,,batl,500,0.7137839964605112
1,No update,yelp,,batl,500,0.7027661481631841
1,No update,airbnb,,batl,500,0.5573499582210448
1,No update,yelp,,batl,500,0.5920502238677925
1,No update,airbnb,,batl,500,0.5061265107218135
1,No update,yelp,,batl,500,0.5440396142089817
1,No update,airbnb,,batl,500,0.5781964762377774
1,No update,yelp,,batl,500,0.5044723896060421
1,No update,airbnb,,batl,500,0.5418152266065315
1,No update,yelp,,batl,500,0.7226904420104224
2,No update,airbnb,,batl,500,0.614116461095473
2,No update,yelp,,batl,500,0.5108748274513292
2,No update,airbnb,,batl,500,0.5423065411767453
2,No update,yelp,,batl,500,0.7091738765927721
2,No update,airbnb,,batl,500,0.601362864106385
2,No update,yelp,,batl,500,0.5130913573990363
2,No update,airbnb,,batl,500,0.5099239732588043
2,No update,yelp,,batl,500,0.6485953852520518
2,No update,airbnb,,batl,500,0.6714538492488331
2,No update,yelp,,batl,500,0.7090053609291558
2,No update,airbnb,,batl,500,0.7400117748794037
2,No update,yelp,,batl,500,0.5721208465140887
2,No update,airbnb,,batl,500,0.6576139045974752
2,No update,yelp,,batl,500,0.7351883131899096
3,No update,airbnb,,batl,500,0.6061808634239456
3,No update,yelp,,batl,500,0.6248960476288263
3,No update,airbnb,,batl,500,0.5056132587684687
3,No update,yelp,,batl,500,0.5126032598642016
3,No update,airbnb,,batl,500,0.6931980271987049
3,No update,yelp,,batl,500,0.6980740025582998
3,No update,airbnb,,batl,500,0.6352725553632389
3,No update,yelp,,batl,500,0.5553771105511467
3,No update,airbnb,,batl,500,0.6697406317016721
3,No update,yelp,,batl,500,0.6698169631964875
3,No update,airbnb,,batl,500,0.5211645742414992
3,No update,yelp,,batl,500,0.6956306559930537
3,No update,airbnb,,batl,500,0.5722848941909209
3,No update,yelp,,batl,500,0.6124929465382123
4,No update,airbnb,,batl,500,0.6148425563517406
4,No update,yelp,,batl,500,0.7170629274434291
4,No update,airbnb,,batl,500,0.5006068884700408
4,No update,yelp,,batl,500,0.5937870749982532
4,No update,airbnb,,batl,500,0.6433745784237089
4,No update,yelp,,batl,500,0.5135689035090314
4,No update,airbnb,,batl,500,0.6074917122316412
4,No update,yelp,,batl,500,0.6114664455579388
4,No update,airbnb,,batl,500,0.5085279633510222
4,No update,yelp,,batl,500,0.6636963405890896
4,No update,airbnb,,batl,500,0.7367210196287666
4,No update,yelp,,batl,500,0.5827858057485469
4,No update,airbnb,,batl,500,0.5141164648626233
4,No update,yelp,,batl,500,0.5511401004685212
5,No update,airbnb,,batl,500,0.6847616514459505
5,No update,yelp,,batl,500,0.5502680780947795
5,No update,airbnb,,batl,500,0.7060618730705437
5,No update,yelp,,batl,500,0.6744644343369548
5,No update,airbnb,,batl,500,0.7173253561120577
5,No update,yelp,,batl,500,0.650519540199081
5,No update,airbnb,,batl,500,0.5008702917421277
5,No update,yelp,,batl,500,0.7285451521116744
5,No update,airbnb,,batl,500,0.7225250305355468
5,No update,yelp,,batl,500,0.5227980419880666
5,No update,airbnb,,batl,500,0.7006853223819135
5,No update,yelp,,batl,500,0.6445261017511867
5,No update,airbnb,,batl,500,0.7233342535423603
5,No update,yelp,,batl,500,0.7034278253108873
1,No update,airbnb,,batl,1000,1.4779648439425532
1,No update,yelp,,batl,1000,1.032796470280018
1,No update,airbnb,,batl,1000,1.2023791475786414
1,No update,yelp,,batl,1000,1.4931926800520527
1,No update,airbnb,,batl,1000,1.437763449201939
1,No update,yelp,,batl,1000,1.4965856176814927
1,No update,airbnb,,batl,1000,1.0016291539853859
1,No update,yelp,,batl,1000,1.1413227705714655
1,No update,airbnb,,batl,1000,1.3639093801385218
1,No update,yelp,,batl,1000,1.2901313622113764
1,No update,airbnb,,batl,1000,1.2421839539217103
1,No update,yelp,,batl,1000,1.2418068599494891
1,No update,airbnb,,batl,1000,1.139171282158501
1,No update,yelp,,batl,1000,1.1098030328595867
2,No update,airbnb,,batl,1000,1.3364579353421793
2,No update,yelp,,batl,1000,1.1596251302147556
2,No update,airbnb,,batl,1000,1.2956394299994494
2,No update,yelp,,batl,1000,1.0923789615099648
2,No update,airbnb,,batl,1000,1.4968464259874195
2,No update,yelp,,batl,1000,1.4868732955168584
2,No update,airbnb,,batl,1000,1.155911496764031
2,No update,yelp,,batl,1000,1.3191607218849755
2,No update,airbnb,,batl,1000,1.0181290851027298
2,No update,yelp,,batl,1000,1.4904813779071355
2,No update,airbnb,,batl,1000,1.4766408419984491
2,No update,yelp,,batl,1000,1.0505015291688513
2,No update,airbnb,,batl,1000,1.0176845488954174
2,No update,yelp,,batl,1000,1.1658752346551486
3,No update,airbnb,,batl,1000,1.4436898701964715
3,No update,yelp,,batl,1000,1.1150060881419785
3,No update,airbnb,,batl,1000,1.297717726482698
3,No update,yelp,,batl,1000,1.0030748653184594
3,No update,airbnb,,batl,1000,1.2253059755308244
3,No update,yelp,,batl,1000,1.2371763421137674
3,No update,airbnb,,batl,1000,1.154467994965343
3,No update,yelp,,batl,1000,1.4864079024444465
3,No update,airbnb,,batl,1000,1.472417850826737
3,No update,yelp,,batl,1000,1.0384225731278498
3,No update,airbnb,,batl,1000,1.3140085649371485
3,No update,yelp,,batl,1000,1.091222937073446
3,No update,airbnb,,batl,1000,1.3420315114107697
3,No update,yelp,,batl,1000,1.3873825146929055
4,No update,airbnb,,batl,1000,1.223725912217488
4,No update,yelp,,batl,1000,1.4094946800420496
4,No update,airbnb,,batl,1000,1.2001942320109302
4,No update,yelp,,batl,1000,1.4689652161369857
4,No update,airbnb,,batl,1000,1.0258765792308053
4,No update,yelp,,batl,1000,1.1846019679112505
4,No update,airbnb,,batl,1000,1.3813923480729233
4,No update,yelp,,batl,1000,1.2712974138927866
4,No update,airbnb,,batl,1000,1.2416005461356454
4,No update,yelp,,batl,1000,1.3566248999595434
4,No update,airbnb,,batl,1000,1.127322280602271
4,No update,yelp,,batl,1000,1.050760190875765
4,No update,airbnb,,batl,1000,1.2814865373105495
4,No update,yelp,,batl,1000,1.398043909264735
5,No update,airbnb,,batl,1000,1.4587350886668737
5,No update,yelp,,batl,1000,1.40143530432358
5,No update,airbnb,,batl,1000,1.430133987501628
5,No update,yelp,,batl,1000,1.4130760754649767
5,No update,airbnb,,batl,1000,1.0701755411549627
5,No update,yelp,,batl,1000,1.011490448240232
5,No update,airbnb,,batl,1000,1.4329380173993136
5,No update,yelp,,batl,1000,1.2604638067226244
5,No update,airbnb,,batl,1000,1.3068847319754089
5,No update,yelp,,batl,1000,1.477205241436831
5,No update,airbnb,,batl,1000,1.0111131766094723
5,No update,yelp,,batl,1000,1.4154596765073835
5,No update,airbnb,,batl,1000,1.4096103292836366
5,No update,yelp,,batl,1000,1.109549614908252
1,No update,airbnb,,batl,2500,3.452757259092669
1,No update,yelp,,batl,2500,2.9369954935956435
1,No update,airbnb,,batl,2500,3.3603143985419313
1,No update,yelp,,batl,2500,3.416833555173152
1,No update,airbnb,,batl,2500,3.7385433852826373
1,No update,yelp,,batl,2500,3.18819449178734
1,No update,airbnb,,batl,2500,3.1937548958020527
1,No update,yelp,,batl,2500,2.6586698047810375
1,No update,airbnb,,batl,2500,3.1569116979471192
1,No update,yelp,,batl,2500,2.7822978520505117
1,No update,airbnb,,batl,2500,3.690851862405136
1,No update,yelp,,batl,2500,2.756308989863424
1,No update,airbnb,,batl,2500,2.9623867586939494
1,No update,yelp,,batl,2500,3.4929012326283133
2,No update,airbnb,,batl,2500,2.7608764769070167
2,No update,yelp,,batl,2500,2.7821951979997546
2,No update,airbnb,,batl,2500,3.283409575880109
2,No update,yelp,,batl,2500,2.8199633003790394
2,No update,airbnb,,batl,2500,3.2688418422127805
2,No update,yelp,,batl,2500,2.50639381093053
2,No update,airbnb,,batl,2500,2.746079187798856
2,No update,yelp,,batl,2500,3.4098231749513173
2,No update,airbnb,,batl,2500,3.1755265278816935
2,No update,yelp,,batl,2500,2.7828054745346362
2,No update,airbnb,,batl,2500,2.9970549767589536
2,No update,yelp,,batl,2500,2.6293521142093152
2,No update,airbnb,,batl,2500,3.2992819417508885
2,No update,yelp,,batl,2500,2.9339839126176983
3,No update,airbnb,,batl,2500,2.8652366285260995
3,No update,yelp,,batl,2500,3.74020303951338
3,No update,airbnb,,batl,2500,3.480208828729654
3,No update,yelp,,batl,2500,3.218377903288971
3,No update,airbnb,,batl,2500,3.2042431733778836
3,No update,yelp,,batl,2500,3.5496874377345713
3,No update,airbnb,,batl,2500,2.696564749483764
3,No update,yelp,,batl,2500,3.0534445760178226
3,No update,airbnb,,batl,2500,2.6284310697176307
3,No update,yelp,,batl,2500,2.6272109673188715
3,No update,airbnb,,batl,2500,3.322244890925045
3,No update,yelp,,batl,2500,2.8901093805588727
3,No update,airbnb,,batl,2500,3.058768256281061
3,No update,yelp,,batl,2500,3.232232118597414
4,No update,airbnb,,batl,2500,3.6191890034320613
4,No update,yelp,,batl,2500,3.239955605088813
4,No update,airbnb,,batl,2500,3.31492880691713
4,No update,yelp,,batl,2500,2.564200499937408
4,No update,airbnb,,batl,2500,2.6358316285721073
4,No update,yelp,,batl,2500,3.2012800090426774
4,No update,airbnb,,batl,2500,3.715303631356374
4,No update,yelp,,batl,2500,2.984676492778423
4,No update,airbnb,,batl,2500,3.470508658987563
4,No update,yelp,,batl,2500,3.342804910628051
4,No update,airbnb,,batl,2500,3.5461266064147603
4,No update,yelp,,batl,2500,2.8284909510803034
4,No update,airbnb,,batl,2500,3.337422704808883
4,No update,yelp,,batl,2500,3.538758640142747
5,No update,airbnb,,batl,2500,3.666206369065683
5,No update,yelp,,batl,2500,3.5813591819135993
5,No update,airbnb,,batl,2500,2.6818255583472004
5,No update,yelp,,batl,2500,2.9062988327377854
5,No update,airbnb,,batl,2500,2.706933933428203
5,No update,yelp,,batl,2500,3.2124645310857995
5,No update,airbnb,,batl,2500,3.6827619391940485
5,No update,yelp,,batl,2500,3.3887200810825857
5,No update,airbnb,,batl,2500,2.9064156292323404
5,No update,yelp,,batl,2500,2.7776155835887626
5,No update,airbnb,,batl,2500,3.4131758486517683
5,No update,yelp,,batl,2500,3.089210788624469
5,No update,airbnb,,batl,2500,3.5601141847424462
5,No update,yelp,,batl,2500,2.5641897770204416
1,No update,airbnb,,batl,5000,5.894315429764351
1,No update,yelp,,batl,5000,6.251256052712339
1,No update,airbnb,,batl,5000,6.2253725724236215
1,No update,yelp,,batl,5000,5.786143647004856
1,No update,airbnb,,batl,5000,5.139630610844921
1,No update,yelp,,batl,5000,6.949264862914716
1,No update,airbnb,,batl,5000,5.045897848933426
1,No update,yelp,,batl,5000,5.752634969534477
1,No update,airbnb,,batl,5000,5.690523101481047
1,No update,yelp,,batl,5000,5.261832924119602
1,No update,airbnb,,batl,5000,5.5801685713792155
1,No update,yelp,,batl,5000,6.349446777959367
1,No update,airbnb,,batl,5000,5.78809523028343
1,No update,yelp,,batl,5000,5.674938718476126
2,No update,airbnb,,batl,5000,6.691800581076269
2,No update,yelp,,batl,5000,5.247237802121452
2,No update,airbnb,,batl,5000,7.4313571383474875
2,No update,yelp,,batl,5000,6.037425170401486
2,No update,airbnb,,batl,5000,6.003486453553814
2,No update,yelp,,batl,5000,6.037947047909869
2,No update,airbnb,,batl,5000,6.505132313141584
2,No update,yelp,,batl,5000,6.586056648848205
2,No update,airbnb,,batl,5000,6.056088720409523
2,No update,yelp,,batl,5000,7.004063651525247
2,No update,airbnb,,batl,5000,5.464036771356038
2,No update,yelp,,batl,5000,5.040859591652741
2,No update,airbnb,,batl,5000,6.664531878800769
2,No update,yelp,,batl,5000,6.097039496354762
3,No update,airbnb,,batl,5000,7.474273453573931
3,No update,yelp,,batl,5000,5.532966124593586
3,No update,airbnb,,batl,5000,6.578513195201713
3,No update,yelp,,batl,5000,5.144267642676806
3,No update,airbnb,,batl,5000,5.916548168729652
3,No update,yelp,,batl,5000,7.248361654100461
3,No update,airbnb,,batl,5000,6.616890232420279
3,No update,yelp,,batl,5000,6.400696781857802
3,No update,airbnb,,batl,5000,6.9368106537301655
3,No update,yelp,,batl,5000,5.992556328410173
3,No update,airbnb,,batl,5000,6.626581341380133
3,No update,yelp,,batl,5000,5.706842782323862
3,No update,airbnb,,batl,5000,5.417390678708809
3,No update,yelp,,batl,5000,7.404208213265231
4,No update,airbnb,,batl,5000,6.9056774124508555
4,No update,yelp,,batl,5000,5.454494915392381
4,No update,airbnb,,batl,5000,6.285849926984416
4,No update,yelp,,batl,5000,5.608349768418925
4,No update,airbnb,,batl,5000,6.555476876400801
4,No update,yelp,,batl,5000,5.3054460286593645
4,No update,airbnb,,batl,5000,6.767562735447027
4,No update,yelp,,batl,5000,5.892336520237875
4,No update,airbnb,,batl,5000,7.121635339234853
4,No update,yelp,,batl,5000,7.261490282438326
4,No update,airbnb,,batl,5000,5.897473155434028
4,No update,yelp,,batl,5000,6.360131853866006
4,No update,airbnb,,batl,5000,7.032334322735776
4,No update,yelp,,batl,5000,6.726752844561329
5,No update,airbnb,,batl,5000,6.335327364149366
5,No update,yelp,,batl,5000,6.351075900630107
5,No update,airbnb,,batl,5000,7.119811344493157
5,No update,yelp,,batl,5000,5.300472482459867
5,No update,airbnb,,batl,5000,5.627825147356565
5,No update,yelp,,batl,5000,5.275476972082828
5,No update,airbnb,,batl,5000,6.045263068455355
5,No update,yelp,,batl,5000,6.069759103756829
5,No update,airbnb,,batl,5000,6.027887157991976
5,No update,yelp,,batl,5000,7.4359532020292045
5,No update,airbnb,,batl,5000,6.719470686271967
5,No update,yelp,,batl,5000,6.301976421870422
5,No update,airbnb,,batl,5000,7.323723025876845
5,No update,yelp,,batl,5000,5.726136795742272
1,No update,airbnb,,batl,10000,12.698775380185856
1,No update,yelp,,batl,10000,10.93315927206996
1,No update,airbnb,,batl,10000,14.03167896947683
1,No update,yelp,,batl,10000,13.418339500234433
1,No update,airbnb,,batl,10000,12.82470087603058
1,No update,yelp,,batl,10000,11.57287800156757
1,No update,airbnb,,batl,10000,13.282324690358811
1,No update,yelp,,batl,10000,14.934101158542042
1,No update,airbnb,,batl,10000,11.0619380498917
1,No update,yelp,,batl,10000,11.939260173025483
1,No update,airbnb,,batl,10000,12.687986928982466
1,No update,yelp,,batl,10000,13.310051695656234
1,No update,airbnb,,batl,10000,12.275220154572557
1,No update,yelp,,batl,10000,11.595599488598461
2,No update,airbnb,,batl,10000,10.582898581268733
2,No update,yelp,,batl,10000,13.229463524381872
2,No update,airbnb,,batl,10000,10.257766687272838
2,No update,yelp,,batl,10000,11.269252153112662
2,No update,airbnb,,batl,10000,14.904803090475264
2,No update,yelp,,batl,10000,10.582519853562397
2,No update,airbnb,,batl,10000,12.61346142815262
2,No update,yelp,,batl,10000,13.761534851401644
2,No update,airbnb,,batl,10000,13.154669817382215
2,No update,yelp,,batl,10000,12.282963342124283
2,No update,airbnb,,batl,10000,13.948514376668198
2,No update,yelp,,batl,10000,14.666874383901085
2,No update,airbnb,,batl,10000,14.997617977826469
2,No update,yelp,,batl,10000,14.567395016819809
3,No update,airbnb,,batl,10000,14.902362134403074
3,No update,yelp,,batl,10000,14.844137042710539
3,No update,airbnb,,batl,10000,11.199292640334413
3,No update,yelp,,batl,10000,13.18530735121014
3,No update,airbnb,,batl,10000,13.126690575265954
3,No update,yelp,,batl,10000,13.639249926826334
3,No update,airbnb,,batl,10000,13.247590272542505
3,No update,yelp,,batl,10000,14.436489035016432
3,No update,airbnb,,batl,10000,11.049704157366657
3,No update,yelp,,batl,10000,11.154169644768755
3,No update,airbnb,,batl,10000,10.08878738890754
3,No update,yelp,,batl,10000,11.011590007193274
3,No update,airbnb,,batl,10000,11.97673377603629
3,No update,yelp,,batl,10000,14.827931963422467
4,No update,airbnb,,batl,10000,12.90226705559338
4,No update,yelp,,batl,10000,10.209038421897793
4,No update,airbnb,,batl,10000,14.167151072875342
4,No update,yelp,,batl,10000,12.651404856037958
4,No update,airbnb,,batl,10000,11.774394800667327
4,No update,yelp,,batl,10000,11.969410324229608
4,No update,airbnb,,batl,10000,11.094088544838542
4,No update,yelp,,batl,10000,13.213089241923702
4,No update,airbnb,,batl,10000,12.77307432369261
4,No update,yelp,,batl,10000,12.70661447385653
4,No update,airbnb,,batl,10000,12.634000244321285
4,No update,yelp,,batl,10000,11.866848588289995
4,No update,airbnb,,batl,10000,10.997484584903452
4,No update,yelp,,batl,10000,10.365989336412287
5,No update,airbnb,,batl,10000,11.024770448704498
5,No update,yelp,,batl,10000,12.555190611013328
5,No update,airbnb,,batl,10000,14.98744898312184
5,No update,yelp,,batl,10000,13.742591257313004
5,No update,airbnb,,batl,10000,13.136679023687135
5,No update,yelp,,batl,10000,14.235594115360149
5,No update,airbnb,,batl,10000,10.81656113007751
5,No update,yelp,,batl,10000,12.124711758398242
5,No update,airbnb,,batl,10000,13.94664160026192
5,No update,yelp,,batl,10000,14.872818937628512
5,No update,airbnb,,batl,10000,12.96421111475173
5,No update,yelp,,batl,10000,13.28344010160595
5,No update,airbnb,,batl,10000,14.794491985258707
5,No update,yelp,,batl,10000,12.43821405047485
1,No update,airbnb,,ctl,500,0.638883312241787
1,No update,yelp,,ctl,500,0.523963451559513
1,No update,airbnb,,ctl,500,0.7281341799678315
1,No update,yelp,,ctl,500,0.7050568996760215
1,No update,airbnb,,ctl,500,0.6633818849467744
1,No update,yelp,,ctl,500,0.6307380340141748
1,No update,airbnb,,ctl,500,0.6799063233716184
1,No update,yelp,,ctl,500,0.5072735641920024
1,No update,airbnb,,ctl,500,0.5597185479337655
1,No update,yelp,,ctl,500,0.5163279196906742
1,No update,airbnb,,ctl,500,0.6934727160422748
1,No update,yelp,,ctl,500,0.6991400747445077
1,No update,airbnb,,ctl,500,0.5933483214062896
1,No update,yelp,,ctl,500,0.6064629511119515
2,No update,airbnb,,ctl,500,0.5970063489944936
2,No update,yelp,,ctl,500,0.5593764676308146
2,No update,airbnb,,ctl,500,0.6501409844087229
2,No update,yelp,,ctl,500,0.5986088869140541
2,No update,airbnb,,ctl,500,0.6665273629532614
2,No update,yelp,,ctl,500,0.7186927665187038
2,No update,airbnb,,ctl,500,0.5916551605972049
2,No update,yelp,,ctl,500,0.6692865610426407
2,No update,airbnb,,ctl,500,0.6676126393366464
2,No update,yelp,,ctl,500,0.5770606782724589
2,No update,airbnb,,ctl,500,0.7089448310252624
2,No update,yelp,,ctl,500,0.6980238332394892
2,No update,airbnb,,ctl,500,0.6224982775187232
2,No update,yelp,,ctl,500,0.524838353733196
3,No update,airbnb,,ctl,500,0.57713416889865
3,No update,yelp,,ctl,500,0.5639011700778288
3,No update,airbnb,,ctl,500,0.673390896981404
3,No update,yelp,,ctl,500,0.5540976705750953
3,No update,airbnb,,ctl,500,0.7448201625277032
3,No update,yelp,,ctl,500,0.7297415281392515
3,No update,airbnb,,ctl,500,0.7177266699822753
3,No update,yelp,,ctl,500,0.5455183588578901
3,No update,airbnb,,ctl,500,0.6939873812067368
3,No update,yelp,,ctl,500,0.6902161566059308
3,No update,airbnb,,ctl,500,0.7315137365071593
3,No update,yelp,,ctl,500,0.6664313302011163
3,No update,airbnb,,ctl,500,0.5610593111869435
3,No update,yelp,,ctl,500,0.6199100268455744
4,No update,airbnb,,ctl,500,0.651302467854162
4,No update,yelp,,ctl,500,0.5741662611286514
4,No update,airbnb,,ctl,500,0.6814260180866495
4,No update,yelp,,ctl,500,0.5134475523442235
4,No update,airbnb,,ctl,500,0.5336028178324967
4,No update,yelp,,ctl,500,0.5702877872257401
4,No update,airbnb,,ctl,500,0.5573144158468668
4,No update,yelp,,ctl,500,0.6740581110119807
4,No update,airbnb,,ctl,500,0.594038489513441
4,No update,yelp,,ctl,500,0.7031425001433019
4,No update,airbnb,,ctl,500,0.7305611671056942
4,No update,yelp,,ctl,500,0.5018662124664962
4,No update,airbnb,,ctl,500,0.6198254072822431
4,No update,yelp,,ctl,500,0.5328812808128646
5,No update,airbnb,,ctl,500,0.6644389400112569
5,No update,yelp,,ctl,500,0.5969301977771031
5,No update,airbnb,,ctl,500,0.7152316435898286
5,No update,yelp,,ctl,500,0.6463362707775117
5,No update,airbnb,,ctl,500,0.7011271153938448
5,No update,yelp,,ctl,500,0.5477537442848491
5,No update,airbnb,,ctl,500,0.6018113154571383
5,No update,yelp,,ctl,500,0.6534774012738004
5,No update,airbnb,,ctl,500,0.6356164066802447
5,No update,yelp,,ctl,500,0.5222213267482408
5,No update,airbnb,,ctl,500,0.5875048298195538
5,No update,yelp,,ctl,500,0.507021782823968
5,No update,airbnb,,ctl,500,0.5430802689527146
5,No update,yelp,,ctl,500,0.736625326511259
1,No update,airbnb,,ctl,1000,1.3586463231984887
1,No update,yelp,,ctl,1000,1.057715060403725
1,No update,airbnb,,ctl,1000,1.3674054202972
1,No update,yelp,,ctl,1000,1.3067889153316739
1,No update,airbnb,,ctl,1000,1.2387283994319414
1,No update,yelp,,ctl,1000,1.2190622068315853
1,No update,airbnb,,ctl,1000,1.2789642614857009
1,No update,yelp,,ctl,1000,1.0867372433966296
1,No update,airbnb,,ctl,1000,1.1253158999041948
1,No update,yelp,,ctl,1000,1.137889741558599
1,No update,airbnb,,ctl,1000,1.1668011206740556
1,No update,yelp,,ctl,1000,1.3021814364513404
1,No update,airbnb,,ctl,1000,1.2496821093802757
1,No update,yelp,,ctl,1000,1.3122454303035065
2,No update,airbnb,,ctl,1000,1.2862678671228396
2,No update,yelp,,ctl,1000,1.2897898831287489
2,No update,airbnb,,ctl,1000,1.286786233767526
2,No update,yelp,,ctl,1000,1.1611779182501014
2,No update,airbnb,,ctl,1000,1.4548600313471534
2,No update,yelp,,ctl,1000,1.293508972759196
2,No update,airbnb,,ctl,1000,1.1942741837371462
2,No update,yelp,,ctl,1000,1.3405152251599115
2,No update,airbnb,,ctl,1000,1.2928921949336005
2,No update,yelp,,ctl,1000,1.4634476033026735
2,No update,airbnb,,ctl,1000,1.1723711733553994
2,No update,yelp,,ctl,1000,1.2523975648320922
2,No update,airbnb,,ctl,1000,1.4328129137938468
2,No update,yelp,,ctl,1000,1.4548303067129782
3,No update,airbnb,,ctl,1000,1.361404680680512
3,No update,yelp,,ctl,1000,1.0370082875163835
3,No update,airbnb,,ctl,1000,1.2537349670098983
3,No update,yelp,,ctl,1000,1.3104124377806592
3,No update,airbnb,,ctl,1000,1.3445726483461604
3,No update,yelp,,ctl,1000,1.3399670081878015
3,No update,airbnb,,ctl,1000,1.3004308131776603
3,No update,yelp,,ctl,1000,1.2946751266739551
3,No update,airbnb,,ctl,1000,1.0295895682218172
3,No update,yelp,,ctl,1000,1.246122103360255
3,No update,airbnb,,ctl,1000,1.1471212530033252
3,No update,yelp,,ctl,1000,1.0835540291417587
3,No update,airbnb,,ctl,1000,1.040973616309824
3,No update,yelp,,ctl,1000,1.3242520877199997
4,No update,airbnb,,ctl,1000,1.0044753543958798
4,No update,yelp,,ctl,1000,1.3843764734354482
4,No update,airbnb,,ctl,1000,1.2312449047027612
4,No update,yelp,,ctl,1000,1.1930650119096344
4,No update,airbnb,,ctl,1000,1.4103496279825956
4,No update,yelp,,ctl,1000,1.3423123749250505
4,No update,airbnb,,ctl,1000,1.4133728772768153
4,No update,yelp,,ctl,1000,1.3266387554802048
4,No update,airbnb,,ctl,1000,1.1691813724119637
4,No update,yelp,,ctl,1000,1.363991945141715
4,No update,airbnb,,ctl,1000,1.4705061955944871
4,No update,yelp,,ctl,1000,1.2169595917833689
4,No update,airbnb,,ctl,1000,1.2325671403992593
4,No update,yelp,,ctl,1000,1.1385049330923567
5,No update,airbnb,,ctl,1000,1.4939999124532286
5,No update,yelp,,ctl,1000,1.2275890323937746
5,No update,airbnb,,ctl,1000,1.0072856362579954
5,No update,yelp,,ctl,1000,1.3051116931034492
5,No update,airbnb,,ctl,1000,1.1163524495208386
5,No update,yelp,,ctl,1000,1.241812029553317
5,No update,airbnb,,ctl,1000,1.0270322565772239
5,No update,yelp,,ctl,1000,1.2919547350367422
5,No update,airbnb,,ctl,1000,1.410019853386775
5,No update,yelp,,ctl,1000,1.47915763871613
5,No update,airbnb,,ctl,1000,1.026594040926892
5,No update,yelp,,ctl,1000,1.4031826687089615
5,No update,airbnb,,ctl,1000,1.4435573361052354
5,No update,yelp,,ctl,1000,1.2112190354611498
1,No update,airbnb,,ctl,2500,2.9755154937253665
1,No update,yelp,,ctl,2500,2.6206149984270084
1,No update,airbnb,,ctl,2500,3.667470616080103
1,No update,yelp,,ctl,2500,2.673693364426547
1,No update,airbnb,,ctl,2500,3.6652573576983865
1,No update,yelp,,ctl,2500,2.7136917539355947
1,No update,airbnb,,ctl,2500,3.368732437204597
1,No update,yelp,,ctl,2500,2.949664260491825
1,No update,airbnb,,ctl,2500,3.044313162192349
1,No update,yelp,,ctl,2500,2.629671749887009
1,No update,airbnb,,ctl,2500,2.7946228646654285
1,No update,yelp,,ctl,2500,3.289286842698506
1,No update,airbnb,,ctl,2500,2.581422441589399
1,No update,yelp,,ctl,2500,2.6730456857383373
2,No update,airbnb,,ctl,2500,2.7311827289367
2,No update,yelp,,ctl,2500,2.5315811553832934
2,No update,airbnb,,ctl,2500,3.5715649887093424
2,No update,yelp,,ctl,2500,3.5506304802526163
2,No update,airbnb,,ctl,2500,3.343587156339644
2,No update,yelp,,ctl,2500,2.830875096630141
2,No update,airbnb,,ctl,2500,2.7991375918444015
2,No update,yelp,,ctl,2500,3.2572393565697157
2,No update,airbnb,,ctl,2500,3.101987050916619
2,No update,yelp,,ctl,2500,2.614079365528018
2,No update,airbnb,,ctl,2500,3.27512609128375
2,No update,yelp,,ctl,2500,2.8279127435317823
2,No update,airbnb,,ctl,2500,3.0981342627010293
2,No update,yelp,,ctl,2500,3.591472626436301
3,No update,airbnb,,ctl,2500,2.5328490287193484
3,No update,yelp,,ctl,2500,3.4030900372763084
3,No update,airbnb,,ctl,2500,2.8617522679769416
3,No update,yelp,,ctl,2500,3.1143069173374474
3,No update,airbnb,,ctl,2500,3.3853138882687355
3,No update,yelp,,ctl,2500,3.367850365840044
3,No update,airbnb,,ctl,2500,2.656511227875371
3,No update,yelp,,ctl,2500,2.811424296232998
3,No update,airbnb,,ctl,2500,3.5031323451511476
3,No update,yelp,,ctl,2500,2.9529676794013096
3,No update,airbnb,,ctl,2500,3.6778268412659525
3,No update,yelp,,ctl,2500,3.1363599025569036
3,No update,airbnb,,ctl,2500,3.4700592816326523
3,No update,yelp,,ctl,2500,3.2265831747973612
4,No update,airbnb,,ctl,2500,2.8279731579019156
4,No update,yelp,,ctl,2500,2.5540657937127027
4,No update,airbnb,,ctl,2500,2.8078919708431487
4,No update,yelp,,ctl,2500,3.5812712853775865
4,No update,airbnb,,ctl,2500,3.3855369611569186
4,No update,yelp,,ctl,2500,2.925470705400079
4,No update,airbnb,,ctl,2500,3.09334256991843
4,No update,yelp,,ctl,2500,3.37784328253663
4,No update,airbnb,,ctl,2500,2.6640798137357664
4,No update,yelp,,ctl,2500,3.572890369471883
4,No update,airbnb,,ctl,2500,3.2265324667811734
4,No update,yelp,,ctl,2500,3.2620198991921288
4,No update,airbnb,,ctl,2500,2.8189664192090267
4,No update,yelp,,ctl,2500,2.7590187699716733
5,No update,airbnb,,ctl,2500,3.3616190705405256
5,No update,yelp,,ctl,2500,3.437327987576741
5,No update,airbnb,,ctl,2500,2.5038099972185806
5,No update,yelp,,ctl,2500,3.477851690050934
5,No update,airbnb,,ctl,2500,3.4293250675928473
5,No update,yelp,,ctl,2500,3.35465798469937
5,No update,airbnb,,ctl,2500,3.310839069688498
5,No update,yelp,,ctl,2500,2.878911693675713
5,No update,airbnb,,ctl,2500,3.1403081256861074
5,No update,yelp,,ctl,2500,3.397630962097946
5,No update,airbnb,,ctl,2500,3.240029127258087
5,No update,yelp,,ctl,2500,3.1243175664819005
5,No update,airbnb,,ctl,2500,3.276970930653106
5,No update,yelp,,ctl,2500,2.5705568834786474
1,No update,airbnb,,ctl,5000,5.151829078266753
1,No update,yelp,,ctl,5000,5.254544246026037
1,No update,airbnb,,ctl,5000,6.196864141547294
1,No update,yelp,,ctl,5000,5.391951967957854
1,No update,airbnb,,ctl,5000,6.546006147175982
1,No update,yelp,,ctl,5000,5.981832221875917
1,No update,airbnb,,ctl,5000,5.06061005056413
1,No update,yelp,,ctl,5000,5.964786548217608
1,No update,airbnb,,ctl,5000,5.052584443165995
1,No update,yelp,,ctl,5000,7.199182763083734
1,No update,airbnb,,ctl,5000,5.794857992491501
1,No update,yelp,,ctl,5000,7.492393660595972
1,No update,airbnb,,ctl,5000,6.809953358920023
1,No update,yelp,,ctl,5000,5.914842804698526
2,No update,airbnb,,ctl,5000,7.078410956576012
2,No update,yelp,,ctl,5000,7.334305277988344
2,No update,airbnb,,ctl,5000,5.255023790832105
2,No update,yelp,,ctl,5000,5.489334466576324
2,No update,airbnb,,ctl,5000,5.784559270630065
2,No update,yelp,,ctl,5000,5.394643542092961
2,No update,airbnb,,ctl,5000,6.022676873423679
2,No update,yelp,,ctl,5000,5.115402686330543
2,No update,airbnb,,ctl,5000,7.209502809325954
2,No update,yelp,,ctl,5000,5.660081908391284
2,No update,airbnb,,ctl,5000,5.416305509922189
2,No update,yelp,,ctl,5000,5.854654721938017
2,No update,airbnb,,ctl,5000,6.915051531971606
2,No update,yelp,,ctl,5000,7.3136357450980105
3,No update,airbnb,,ctl,5000,6.297074314740062
3,No update,yelp,,ctl,5000,5.561701121269232
3,No update,airbnb,,ctl,5000,5.811065280744267
3,No update,yelp,,ctl,5000,6.82165024321505
3,No update,airbnb,,ctl,5000,7.199459080589102
3,No update,yelp,,ctl,5000,6.785120917318599
3,No update,airbnb,,ctl,5000,6.526646932660358
3,No update,yelp,,ctl,5000,7.312820841060475
3,No update,airbnb,,ctl,5000,7.104360786537241
3,No update,yelp,,ctl,5000,7.0116775724828235
3,No update,airbnb,,ctl,5000,7.151736931804018
3,No update,yelp,,ctl,5000,7.237082558912467
3,No update,airbnb,,ctl,5000,5.588807626079913
3,No update,yelp,,ctl,5000,6.471388262495246
4,No update,airbnb,,ctl,5000,6.193966514902203
4,No update,yelp,,ctl,5000,5.7282742490654694
4,No update,airbnb,,ctl,5000,7.010592331553091
4,No update,yelp,,ctl,5000,6.666458969625881
4,No update,airbnb,,ctl,5000,6.243657888401169
4,No update,yelp,,ctl,5000,5.081301457837206
4,No update,airbnb,,ctl,5000,7.132925471937453
4,No update,yelp,,ctl,5000,5.995402756615993
4,No update,airbnb,,ctl,5000,7.467445926140664
4,No update,yelp,,ctl,5000,7.037324949014256
4,No update,airbnb,,ctl,5000,6.319633510221785
4,No update,yelp,,ctl,5000,5.393454241176581
4,No update,airbnb,,ctl,5000,5.038940861477083
4,No update,yelp,,ctl,5000,5.600268834922195
5,No update,airbnb,,ctl,5000,7.160863183028946
5,No update,yelp,,ctl,5000,7.3453600745945025
5,No update,airbnb,,ctl,5000,7.123408467752974
5,No update,yelp,,ctl,5000,7.184457776197747
5,No update,airbnb,,ctl,5000,7.483767970665116
5,No update,yelp,,ctl,5000,6.777723608546803
5,No update,airbnb,,ctl,5000,5.8498708109428685
5,No update,yelp,,ctl,5000,7.3599048987055795
5,No update,airbnb,,ctl,5000,5.319888824143142
5,No update,yelp,,ctl,5000,5.704298483899875
5,No update,airbnb,,ctl,5000,6.482871932490554
5,No update,yelp,,ctl,5000,5.484969718609463
5,No update,airbnb,,ctl,5000,7.098047399331748
5,No update,yelp,,ctl,5000,6.121765409144281
1,No update,airbnb,,ctl,10000,10.991883986392242
1,No update,yelp,,ctl,10000,10.44424396356392
1,No update,airbnb,,ctl,10000,14.034022889850737
1,No update,yelp,,ctl,10000,12.970529831416025
1,No update,airbnb,,ctl,10000,13.153471173051074
1,No update,yelp,,ctl,10000,11.199618187302496
1,No update,airbnb,,ctl,10000,12.305078370443244
1,No update,yelp,,ctl,10000,10.56987599831212
1,No update,airbnb,,ctl,10000,14.16029164924238
1,No update,yelp,,ctl,10000,12.412263551463969
1,No update,airbnb,,ctl,10000,12.90945188497766
1,No update,yelp,,ctl,10000,11.981892196622695
1,No update,airbnb,,ctl,10000,11.524158685415472
1,No update,yelp,,ctl,10000,10.28149766214403
2,No update,airbnb,,ctl,10000,14.691699626047251
2,No update,yelp,,ctl,10000,11.64584012553731
2,No update,airbnb,,ctl,10000,13.852034519659348
2,No update,yelp,,ctl,10000,13.79690866703762
2,No update,airbnb,,ctl,10000,14.691269502300212
2,No update,yelp,,ctl,10000,14.23122067561407
2,No update,airbnb,,ctl,10000,10.550177339811894
2,No update,yelp,,ctl,10000,14.770795412637144
2,No update,airbnb,,ctl,10000,14.723092577988215
2,No update,yelp,,ctl,10000,14.664565621876564
2,No update,airbnb,,ctl,10000,12.259763421225532
2,No update,yelp,,ctl,10000,13.952708038121816
2,No update,airbnb,,ctl,10000,14.58300953038262
2,No update,yelp,,ctl,10000,14.192666992546918
3,No update,airbnb,,ctl,10000,14.498428733258692
3,No update,yelp,,ctl,10000,12.198778641501194
3,No update,airbnb,,ctl,10000,14.700301680154972
3,No update,yelp,,ctl,10000,12.795503445819033
3,No update,airbnb,,ctl,10000,14.257840062438584
3,No update,yelp,,ctl,10000,12.127326483765794
3,No update,airbnb,,ctl,10000,13.88718333167737
3,No update,yelp,,ctl,10000,13.699912401902218
3,No update,airbnb,,ctl,10000,10.279055420020931
3,No update,yelp,,ctl,10000,12.547872592094041
3,No update,airbnb,,ctl,10000,13.073470586447575
3,No update,yelp,,ctl,10000,14.792116131208337
3,No update,airbnb,,ctl,10000,11.131827382636423
3,No update,yelp,,ctl,10000,12.783126773553253
4,No update,airbnb,,ctl,10000,12.080103683939553
4,No update,yelp,,ctl,10000,10.495664432258515
4,No update,airbnb,,ctl,10000,11.733449985530129
4,No update,yelp,,ctl,10000,10.341035077515052
4,No update,airbnb,,ctl,10000,12.44453298886497
4,No update,yelp,,ctl,10000,10.59384577001659
4,No update,airbnb,,ctl,10000,12.346317188167468
4,No update,yelp,,ctl,10000,10.351904016805983
4,No update,airbnb,,ctl,10000,11.199025895255042
4,No update,yelp,,ctl,10000,13.576047205949564
4,No update,airbnb,,ctl,10000,14.817274226765345
4,No update,yelp,,ctl,10000,12.458261586371249
4,No update,airbnb,,ctl,10000,14.236185329117419
4,No update,yelp,,ctl,10000,11.033038154469024
5,No update,airbnb,,ctl,10000,10.714668602297284
5,No update,yelp,,ctl,10000,14.125401097778957
5,No update,airbnb,,ctl,10000,10.632920052949041
5,No update,yelp,,ctl,10000,12.81050564261791
5,No update,airbnb,,ctl,10000,10.895807496778424
5,No update,yelp,,ctl,10000,12.976535831441973
5,No update,airbnb,,ctl,10000,11.97788760267122
5,No update,yelp,,ctl,10000,11.636780853888872
5,No update,airbnb,,ctl,10000,11.083457235535935
5,No update,yelp,,ctl,10000,14.955436834917396
5,No update,airbnb,,ctl,10000,12.646971281626968
5,No update,yelp,,ctl,10000,11.955234048739928
5,No update,airbnb,,ctl,10000,12.43002381782393
5,No update,yelp,,ctl,10000,11.381877917524736
1,No update,airbnb,,ocl,500,0.5982452117240011
1,No update,yelp,,ocl,500,0.616298695906092
1,No update,airbnb,,ocl,500,0.5640278822528725
1,No update,yelp,,ocl,500,0.5533915896069813
1,No update,airbnb,,ocl,500,0.5074542254343544
1,No update,yelp,,ocl,500,0.5497925989983582
1,No update,airbnb,,ocl,500,0.6589786475781227
1,No update,yelp,,ocl,500,0.717410120494588
1,No update,airbnb,,ocl,500,0.5504918296987693
1,No update,yelp,,ocl,500,0.6997187208358938
1,No update,airbnb,,ocl,500,0.5137218934359564
1,No update,yelp,,ocl,500,0.56676696357917
1,No update,airbnb,,ocl,500,0.5529993594089049
1,No update,yelp,,ocl,500,0.7483109994365259
2,No update,airbnb,,ocl,500,0.5140242943119748
2,No update,yelp,,ocl,500,0.6045092856546814
2,No update,airbnb,,ocl,500,0.6895124282068548
2,No update,yelp,,ocl,500,0.5277035592494471
2,No update,airbnb,,ocl,500,0.6498194283108285
2,No update,yelp,,ocl,500,0.637667021987655
2,No update,airbnb,,ocl,500,0.691498104600134
2,No update,yelp,,ocl,500,0.711055852966544
2,No update,airbnb,,ocl,500,0.5037178512114133
2,No update,yelp,,ocl,500,0.5998537936480008
2,No update,airbnb,,ocl,500,0.6078863781758765
2,No update,yelp,,ocl,500,0.5112053655361674
2,No update,airbnb,,ocl,500,0.5630782232901655
2,No update,yelp,,ocl,500,0.5541698800286886
3,No update,airbnb,,ocl,500,0.6025425027267705
3,No update,yelp,,ocl,500,0.5478241487362585
3,No update,airbnb,,ocl,500,0.5883214030248919
3,No update,yelp,,ocl,500,0.545421002092111
3,No update,airbnb,,ocl,500,0.5777080979774247
3,No update,yelp,,ocl,500,0.713153691160509
3,No update,airbnb,,ocl,500,0.5888937672665843
3,No update,yelp,,ocl,500,0.5680864321852191
3,No update,airbnb,,ocl,500,0.7069674073530705
3,No update,yelp,,ocl,500,0.7116715077837565
3,No update,airbnb,,ocl,500,0.6414190771611444
3,No update,yelp,,ocl,500,0.6826189978719003
3,No update,airbnb,,ocl,500,0.5178000151398824
3,No update,yelp,,ocl,500,0.6396934215986756
4,No update,airbnb,,ocl,500,0.5592487475324905
4,No update,yelp,,ocl,500,0.6311033792609904
4,No update,airbnb,,ocl,500,0.5974668764618355
4,No update,yelp,,ocl,500,0.5091445427285511
4,No update,airbnb,,ocl,500,0.651175362726624
4,No update,yelp,,ocl,500,0.7077826600915709
4,No update,airbnb,,ocl,500,0.549331541449544
4,No update,yelp,,ocl,500,0.6585205769779586
4,No update,airbnb,,ocl,500,0.73477129220753
4,No update,yelp,,ocl,500,0.5932731210001791
4,No update,airbnb,,ocl,500,0.734969925991035
4,No update,yelp,,ocl,500,0.6437466538694293
4,No update,airbnb,,ocl,500,0.6757344576371654
4,No update,yelp,,ocl,500,0.5818951601019859
5,No update,airbnb,,ocl,500,0.6499686613667803
5,No update,yelp,,ocl,500,0.7352715681075292
5,No update,airbnb,,ocl,500,0.7022297478042538
5,No update,yelp,,ocl,500,0.5114910702790961
5,No update,airbnb,,ocl,500,0.7045535027293421
5,No update,yelp,,ocl,500,0.5090132896888462
5,No update,airbnb,,ocl,500,0.5089722429138236
5,No update,yelp,,ocl,500,0.749378730446882
5,No update,airbnb,,ocl,500,0.7279345817963464
5,No update,yelp,,ocl,500,0.6687168673446157
5,No update,airbnb,,ocl,500,0.6687174840285279
5,No update,yelp,,ocl,500,0.6089937691851035
5,No update,airbnb,,ocl,500,0.5245411704544238
5,No update,yelp,,ocl,500,0.5200955232535337
1,No update,airbnb,,ocl,1000,1.0196976326641993
1,No update,yelp,,ocl,1000,1.1770257602440644
1,No update,airbnb,,ocl,1000,1.428435180350712
1,No update,yelp,,ocl,1000,1.3876459952695526
1,No update,airbnb,,ocl,1000,1.2995918505318875
1,No update,yelp,,ocl,1000,1.34572982019911
1,No update,airbnb,,ocl,1000,1.476464929108182
1,No update,yelp,,ocl,1000,1.0519260716142471
1,No update,airbnb,,ocl,1000,1.186850221627732
1,No update,yelp,,ocl,1000,1.3596126867283596
1,No update,airbnb,,ocl,1000,1.3441021304601304
1,No update,yelp,,ocl,1000,1.1148329232696823
1,No update,airbnb,,ocl,1000,1.2408781916029958
1,No update,yelp,,ocl,1000,1.1367587476340124
2,No update,airbnb,,ocl,1000,1.0323612501945003
2,No update,yelp,,ocl,1000,1.185268360246295
2,No update,airbnb,,ocl,1000,1.1370129514848741
2,No update,yelp,,ocl,1000,1.1995286201234325
2,No update,airbnb,,ocl,1000,1.1803255903506846
2,No update,yelp,,ocl,1000,1.311820438363703
2,No update,airbnb,,ocl,1000,1.4662741230352467
2,No update,yelp,,ocl,1000,1.1054933760898222
2,No update,airbnb,,ocl,1000,1.2191404830824701
2,No update,yelp,,ocl,1000,1.2848438672497813
2,No update,airbnb,,ocl,1000,1.1023200693457067
2,No update,yelp,,ocl,1000,1.0457208646224878
2,No update,airbnb,,ocl,1000,1.290819064453503
2,No update,yelp,,ocl,1000,1.402905490658126
3,No update,airbnb,,ocl,1000,1.0114907228525394
3,No update,yelp,,ocl,1000,1.352596066337319
3,No update,airbnb,,ocl,1000,1.0602421075184503
3,No update,yelp,,ocl,1000,1.3928233576332751
3,No update,airbnb,,ocl,1000,1.0748227414291465
3,No update,yelp,,ocl,1000,1.1509655221089155
3,No update,airbnb,,ocl,1000,1.3225006251547575
3,No update,yelp,,ocl,1000,1.1482120277663788
3,No update,airbnb,,ocl,1000,1.0840883524278375
3,No update,yelp,,ocl,1000,1.1981629241177654
3,No update,airbnb,,ocl,1000,1.1759146196663512
3,No update,yelp,,ocl,1000,1.2191120827759523
3,No update,airbnb,,ocl,1000,1.0439161489360667
3,No update,yelp,,ocl,1000,1.293865966786721
4,No update,airbnb,,ocl,1000,1.0168763446682212
4,No update,yelp,,ocl,1000,1.4730038578729208
4,No update,airbnb,,ocl,1000,1.174499804824433
4,No update,yelp,,ocl,1000,1.229630146505548
4,No update,airbnb,,ocl,1000,1.348933051374877
4,No update,yelp,,ocl,1000,1.0822156903834521
4,No update,airbnb,,ocl,1000,1.4258858125635674
4,No update,yelp,,ocl,1000,1.0625800560548961
4,No update,airbnb,,ocl,1000,1.3052938568907189
4,No update,yelp,,ocl,1000,1.4288771282031827
4,No update,airbnb,,ocl,1000,1.220289257317031
4,No update,yelp,,ocl,1000,1.3408063692496413
4,No update,airbnb,,ocl,1000,1.3820651837082931
4,No update,yelp,,ocl,1000,1.3642095796790534
5,No update,airbnb,,ocl,1000,1.381223581062726
5,No update,yelp,,ocl,1000,1.1511512874583598
5,No update,airbnb,,ocl,1000,1.3115571351408717
5,No update,yelp,,ocl,1000,1.4175705959842826
5,No update,airbnb,,ocl,1000,1.0209506802254011
5,No update,yelp,,ocl,1000,1.436550188852189
5,No update,airbnb,,ocl,1000,1.0140209526766557
5,No update,yelp,,ocl,1000,1.0295861924197949
5,No update,airbnb,,ocl,1000,1.1885880080611122
5,No update,yelp,,ocl,1000,1.4218568114683663
5,No update,airbnb,,ocl,1000,1.338524387024554
5,No update,yelp,,ocl,1000,1.4730057794910434
5,No update,airbnb,,ocl,1000,1.000485881950744
5,No update,yelp,,ocl,1000,1.4280886916549378
1,No update,airbnb,,ocl,2500,2.8487010813708786
1,No update,yelp,,ocl,2500,2.916604607748122
1,No update,airbnb,,ocl,2500,3.535204402473793
1,No update,yelp,,ocl,2500,2.6802800467592762
1,No update,airbnb,,ocl,2500,3.4923241272729078
1,No update,yelp,,ocl,2500,2.8395945840492343
1,No update,airbnb,,ocl,2500,3.0456715291580467
1,No update,yelp,,ocl,2500,3.3513551410281175
1,No update,airbnb,,ocl,2500,2.858741661429568
1,No update,yelp,,ocl,2500,3.123548845500715
1,No update,airbnb,,ocl,2500,3.1762156282182312
1,No update,yelp,,ocl,2500,3.2545157995116614
1,No update,airbnb,,ocl,2500,2.652954053504207
1,No update,yelp,,ocl,2500,3.537969263004274
2,No update,airbnb,,ocl,2500,3.5008895728372864
2,No update,yelp,,ocl,2500,3.020664085361428
2,No update,airbnb,,ocl,2500,2.716790198459954
2,No update,yelp,,ocl,2500,3.6138850512490848
2,No update,airbnb,,ocl,2500,3.2074123117936804
2,No update,yelp,,ocl,2500,2.6353872741773814
2,No update,airbnb,,ocl,2500,3.3342106528002007
2,No update,yelp,,ocl,2500,3.428181978545899
2,No update,airbnb,,ocl,2500,3.4605923996058143
2,No update,yelp,,ocl,2500,2.8406044321470825
2,No update,airbnb,,ocl,2500,3.002048739855496
2,No update,yelp,,ocl,2500,2.907274397993922
2,No update,airbnb,,ocl,2500,3.3748735349824814
2,No update,yelp,,ocl,2500,2.7450262173457176
3,No update,airbnb,,ocl,2500,2.9256508889027244
3,No update,yelp,,ocl,2500,3.2056938995122928
3,No update,airbnb,,ocl,2500,2.8982744389065864
3,No update,yelp,,ocl,2500,3.432249778881109
3,No update,airbnb,,ocl,2500,3.6725706569048615
3,No update,yelp,,ocl,2500,3.2688107050327644
3,No update,airbnb,,ocl,2500,2.8188289138718794
3,No update,yelp,,ocl,2500,3.633366744003276
3,No update,airbnb,,ocl,2500,2.812477176483376
3,No update,yelp,,ocl,2500,2.6014773781422327
3,No update,airbnb,,ocl,2500,3.5164134887498837
3,No update,yelp,,ocl,2500,3.391733269546822
3,No update,airbnb,,ocl,2500,3.014090638503497
3,No update,yelp,,ocl,2500,2.920835792337677
4,No update,airbnb,,ocl,2500,2.553770130793408
4,No update,yelp,,ocl,2500,3.229060946192798
4,No update,airbnb,,ocl,2500,3.4237517952113956
4,No update,yelp,,ocl,2500,3.206533607846516
4,No update,airbnb,,ocl,2500,3.0435232212193775
4,No update,yelp,,ocl,2500,3.450570601432838
4,No update,airbnb,,ocl,2500,2.959627222077189
4,No update,yelp,,ocl,2500,3.6551525172913024
4,No update,airbnb,,ocl,2500,3.2783682800151865
4,No update,yelp,,ocl,2500,2.5011256558360815
4,No update,airbnb,,ocl,2500,3.141289961934666
4,No update,yelp,,ocl,2500,2.6788868890344557
4,No update,airbnb,,ocl,2500,3.7335694971883386
4,No update,yelp,,ocl,2500,3.052137121318051
5,No update,airbnb,,ocl,2500,2.7533814766563296
5,No update,yelp,,ocl,2500,3.229548558059015
5,No update,airbnb,,ocl,2500,2.7332539358984524
5,No update,yelp,,ocl,2500,3.0443153324163506
5,No update,airbnb,,ocl,2500,3.5605733709183496
5,No update,yelp,,ocl,2500,3.195143870883041
5,No update,airbnb,,ocl,2500,3.0800708252925193
5,No update,yelp,,ocl,2500,2.9069914817413847
5,No update,airbnb,,ocl,2500,3.7484086906128313
5,No update,yelp,,ocl,2500,2.5311306722656934
5,No update,airbnb,,ocl,2500,3.372896911153377
5,No update,yelp,,ocl,2500,3.655668164060074
5,No update,airbnb,,ocl,2500,2.655671359468249
5,No update,yelp,,ocl,2500,2.87537321860829
1,No update,airbnb,,ocl,5000,5.052703609799698
1,No update,yelp,,ocl,5000,5.706372439332254
1,No update,airbnb,,ocl,5000,5.573884280121988
1,No update,yelp,,ocl,5000,5.885883114921356
1,No update,airbnb,,ocl,5000,6.259418025196891
1,No update,yelp,,ocl,5000,6.811605465167349
1,No update,airbnb,,ocl,5000,5.843824986497264
1,No update,yelp,,ocl,5000,5.139755196527904
1,No update,airbnb,,ocl,5000,5.127855319311039
1,No update,yelp,,ocl,5000,6.964828213517821
1,No update,airbnb,,ocl,5000,5.229960696540459
1,No update,yelp,,ocl,5000,7.289181549990601
1,No update,airbnb,,ocl,5000,7.381828808707825
1,No update,yelp,,ocl,5000,5.210023380662355
2,No update,airbnb,,ocl,5000,5.667424844099595
2,No update,yelp,,ocl,5000,5.989703913502147
2,No update,airbnb,,ocl,5000,5.810403758911859
2,No update,yelp,,ocl,5000,5.483733967531975
2,No update,airbnb,,ocl,5000,6.368689901438716
2,No update,yelp,,ocl,5000,6.959973622081545
2,No update,airbnb,,ocl,5000,5.525151874708108
2,No update,yelp,,ocl,5000,7.275168029069189
2,No update,airbnb,,ocl,5000,6.415536946845854
2,No update,yelp,,ocl,5000,5.0147302025069544
2,No update,airbnb,,ocl,5000,5.720851211427369
2,No update,yelp,,ocl,5000,7.423491477438691
2,No update,airbnb,,ocl,5000,6.589065853084358
2,No update,yelp,,ocl,5000,6.297342394964093
3,No update,airbnb,,ocl,5000,6.060076198692974
3,No update,yelp,,ocl,5000,6.690825336997804
3,No update,airbnb,,ocl,5000,6.6624849092005265
3,No update,yelp,,ocl,5000,6.221330526449822
3,No update,airbnb,,ocl,5000,5.2049866284973785
3,No update,yelp,,ocl,5000,7.469308384929715
3,No update,airbnb,,ocl,5000,5.556751278388322
3,No update,yelp,,ocl,5000,7.005141175199504
3,No update,airbnb,,ocl,5000,5.7694149525248415
3,No update,yelp,,ocl,5000,5.526601461133834
3,No update,airbnb,,ocl,5000,7.3426558619887095
3,No update,yelp,,ocl,5000,7.122829819614048
3,No update,airbnb,,ocl,5000,5.523513445533718
3,No update,yelp,,ocl,5000,5.238545119313999
4,No update,airbnb,,ocl,5000,6.946670433993747
4,No update,yelp,,ocl,5000,5.394082926934225
4,No update,airbnb,,ocl,5000,5.476933012420191
4,No update,yelp,,ocl,5000,5.027886118786132
4,No update,airbnb,,ocl,5000,7.397490206375618
4,No update,yelp,,ocl,5000,7.376465906701095
4,No update,airbnb,,ocl,5000,5.2113352259696635
4,No update,yelp,,ocl,5000,5.149109756158486
4,No update,airbnb,,ocl,5000,6.8914840600289935
4,No update,yelp,,ocl,5000,5.999944717038551
4,No update,airbnb,,ocl,5000,7.490384902550232
4,No update,yelp,,ocl,5000,6.66236256360664
4,No update,airbnb,,ocl,5000,5.361196295973931
4,No update,yelp,,ocl,5000,6.664985887240728
5,No update,airbnb,,ocl,5000,5.4018931678392725
5,No update,yelp,,ocl,5000,6.901639560390464
5,No update,airbnb,,ocl,5000,5.99265334879288
5,No update,yelp,,ocl,5000,5.476181014098594
5,No update,airbnb,,ocl,5000,6.104154606742899
5,No update,yelp,,ocl,5000,6.948961443246555
5,No update,airbnb,,ocl,5000,5.048147152228074
5,No update,yelp,,ocl,5000,5.182676256394458
5,No update,airbnb,,ocl,5000,7.386037132303205
5,No update,yelp,,ocl,5000,6.895956260773389
5,No update,airbnb,,ocl,5000,7.257693730591318
5,No update,yelp,,ocl,5000,5.392485595061896
5,No update,airbnb,,ocl,5000,6.467230355706288
5,No update,yelp,,ocl,5000,5.524973657182679
1,No update,airbnb,,ocl,10000,10.399618769013623
1,No update,yelp,,ocl,10000,12.343704620144473
1,No update,airbnb,,ocl,10000,14.88892437225999
1,No update,yelp,,ocl,10000,13.198167472856076
1,No update,airbnb,,ocl,10000,13.543597950168682
1,No update,yelp,,ocl,10000,13.6539425932702
1,No update,airbnb,,ocl,10000,13.860283794954329
1,No update,yelp,,ocl,10000,12.521053015381984
1,No update,airbnb,,ocl,10000,11.566298067267402
1,No update,yelp,,ocl,10000,11.070583709779392
1,No update,airbnb,,ocl,10000,11.250548429212518
1,No update,yelp,,ocl,10000,11.850781888446939
1,No update,airbnb,,ocl,10000,12.524912074302234
1,No update,yelp,,ocl,10000,10.080843106458612
2,No update,airbnb,,ocl,10000,12.763104435065237
2,No update,yelp,,ocl,10000,13.955900711992166
2,No update,airbnb,,ocl,10000,12.182151912611056
2,No update,yelp,,ocl,10000,12.93739810703286
2,No update,airbnb,,ocl,10000,10.566730669390008
2,No update,yelp,,ocl,10000,13.613857907073852
2,No update,airbnb,,ocl,10000,11.034097096029507
2,No update,yelp,,ocl,10000,13.163194391767062
2,No update,airbnb,,ocl,10000,12.905551299673053
2,No update,yelp,,ocl,10000,14.594100753706144
2,No update,airbnb,,ocl,10000,10.993571929471184
2,No update,yelp,,ocl,10000,13.245108167891713
2,No update,airbnb,,ocl,10000,14.208083637614038
2,No update,yelp,,ocl,10000,10.43325372499559
3,No update,airbnb,,ocl,10000,10.339210331529173
3,No update,yelp,,ocl,10000,12.538683521974994
3,No update,airbnb,,ocl,10000,11.736838450879358
3,No update,yelp,,ocl,10000,10.367813976967662
3,No update,airbnb,,ocl,10000,10.200802647675541
3,No update,yelp,,ocl,10000,14.758526482248755
3,No update,airbnb,,ocl,10000,12.355146071035586
3,No update,yelp,,ocl,10000,14.171731620449938
3,No update,airbnb,,ocl,10000,14.64744805923192
3,No update,yelp,,ocl,10000,11.350429946074588
3,No update,airbnb,,ocl,10000,10.122415644071273
3,No update,yelp,,ocl,10000,10.17394041108908
3,No update,airbnb,,ocl,10000,12.881209307026682
3,No update,yelp,,ocl,10000,13.957230577919367
4,No update,airbnb,,ocl,10000,14.553857090729412
4,No update,yelp,,ocl,10000,10.307820919259553
4,No update,airbnb,,ocl,10000,12.73551180212516
4,No update,yelp,,ocl,10000,10.876109048534328
4,No update,airbnb,,ocl,10000,10.20135021792
4,No update,yelp,,ocl,10000,11.805222725938316
4,No update,airbnb,,ocl,10000,14.393933602982518
4,No update,yelp,,ocl,10000,13.491170298960064
4,No update,airbnb,,ocl,10000,13.891832127961477
4,No update,yelp,,ocl,10000,11.78105617473517
4,No update,airbnb,,ocl,10000,10.308587014275085
4,No update,yelp,,ocl,10000,11.993725106666096
4,No update,airbnb,,ocl,10000,10.858350324046723
4,No update,yelp,,ocl,10000,14.464525879262524
5,No update,airbnb,,ocl,10000,10.136262068468653
5,No update,yelp,,ocl,10000,14.107593668168224
5,No update,airbnb,,ocl,10000,10.226429198883284
5,No update,yelp,,ocl,10000,14.548369858736743
5,No update,airbnb,,ocl,10000,11.073113210622747
5,No update,yelp,,ocl,10000,13.424780390518563
5,No update,airbnb,,ocl,10000,14.71131529372164
5,No update,yelp,,ocl,10000,11.27279909194245
5,No update,airbnb,,ocl,10000,13.524219447378227
5,No update,yelp,,ocl,10000,13.576735832268927
5,No update,airbnb,,ocl,10000,12.590905534461573
5,No update,yelp,,ocl,10000,12.449674849209613
5,No update,airbnb,,ocl,10000,12.810746553263012
5,No update,yelp,,ocl,10000,11.340604329075877
1,No update,airbnb,,softmax,500,0.6580453766766584
1,No update,yelp,,softmax,500,0.689962970106476
1,No update,airbnb,,softmax,500,0.7172327657518104
1,No update,yelp,,softmax,500,0.6904226407008437
1,No update,airbnb,,softmax,500,0.620078023468907
1,No update,yelp,,softmax,500,0.7432876040636783
1,No update,airbnb,,softmax,500,0.5594762604135579
1,No update,yelp,,softmax,500,0.67397313615197
1,No update,airbnb,,softmax,500,0.6764655518280459
1,No update,yelp,,softmax,500,0.5598343669309241
1,No update,airbnb,,softmax,500,0.504555661088607
1,No update,yelp,,softmax,500,0.6626276513908833
1,No update,airbnb,,softmax,500,0.5139898919187067
1,No update,yelp,,softmax,500,0.504495418477033
2,No update,airbnb,,softmax,500,0.6527972807577268
2,No update,yelp,,softmax,500,0.6637539142093796
2,No update,airbnb,,softmax,500,0.5992998655011051
2,No update,yelp,,softmax,500,0.5564593037264975
2,No update,airbnb,,softmax,500,0.6072621880980131
2,No update,yelp,,softmax,500,0.725117001008328
2,No update,airbnb,,softmax,500,0.7100970784574084
2,No update,yelp,,softmax,500,0.6693016015873935
2,No update,airbnb,,softmax,500,0.7455001706318958
2,No update,yelp,,softmax,500,0.6312882175092466
2,No update,airbnb,,softmax,500,0.6655263090708995
2,No update,yelp,,softmax,500,0.7334483406907192
2,No update,airbnb,,softmax,500,0.6782852325795309
2,No update,yelp,,softmax,500,0.7167184401397667
3,No update,airbnb,,softmax,500,0.5922440896452511
3,No update,yelp,,softmax,500,0.5673282730782253
3,No update,airbnb,,softmax,500,0.6319169837771107
3,No update,yelp,,softmax,500,0.6441487701559215
3,No update,airbnb,,softmax,500,0.6441696657273444
3,No update,yelp,,softmax,500,0.579109560118955
3,No update,airbnb,,softmax,500,0.6034975156873753
3,No update,yelp,,softmax,500,0.547553924149167
3,No update,airbnb,,softmax,500,0.5271676314613764
3,No update,yelp,,softmax,500,0.6083467354675829
3,No update,airbnb,,softmax,500,0.7457165216895038
3,No update,yelp,,softmax,500,0.5158119199869777
3,No update,airbnb,,softmax,500,0.6656803412739574
3,No update,yelp,,softmax,500,0.6209347199905378
4,No update,airbnb,,softmax,500,0.6954359619727638
4,No update,yelp,,softmax,500,0.5247702846767248
4,No update,airbnb,,softmax,500,0.5007779269856054
4,No update,yelp,,softmax,500,0.5367241496312525
4,No update,airbnb,,softmax,500,0.5947764294745973
4,No update,yelp,,softmax,500,0.5428267542262561
4,No update,airbnb,,softmax,500,0.7081645752683203
4,No update,yelp,,softmax,500,0.605366593322562
4,No update,airbnb,,softmax,500,0.7437491532925208
4,No update,yelp,,softmax,500,0.5636375590403446
4,No update,airbnb,,softmax,500,0.5952414851947341
4,No update,yelp,,softmax,500,0.5630357251021634
4,No update,airbnb,,softmax,500,0.5576231869059096
4,No update,yelp,,softmax,500,0.5601482841143659
5,No update,airbnb,,softmax,500,0.7093592347933526
5,No update,yelp,,softmax,500,0.6627198704660308
5,No update,airbnb,,softmax,500,0.595949550700793
5,No update,yelp,,softmax,500,0.60024638410196
5,No update,airbnb,,softmax,500,0.5232874243496277
5,No update,yelp,,softmax,500,0.6234325252573206
5,No update,airbnb,,softmax,500,0.5928215425318729
5,No update,yelp,,softmax,500,0.6487073148743966
5,No update,airbnb,,softmax,500,0.5754822536424475
5,No update,yelp,,softmax,500,0.7135227596617001
5,No update,airbnb,,softmax,500,0.5284045279819566
5,No update,yelp,,softmax,500,0.6908786250432228
5,No update,airbnb,,softmax,500,0.615899746534523
5,No update,yelp,,softmax,500,0.5511930700581693
1,No update,airbnb,,softmax,1000,1.1978911077047922
1,No update,yelp,,softmax,1000,1.2465380468501552
1,No update,airbnb,,softmax,1000,1.2183621537425364
1,No update,yelp,,softmax,1000,1.0281526685222233
1,No update,airbnb,,softmax,1000,1.2227763334823256
1,No update,yelp,,softmax,1000,1.2450003895266162
1,No update,airbnb,,softmax,1000,1.2183302269603855
1,No update,yelp,,softmax,1000,1.4999217705990253
1,No update,airbnb,,softmax,1000,1.2040171881473078
1,No update,yelp,,softmax,1000,1.1277435301482595
1,No update,airbnb,,softmax,1000,1.0781586963681289
1,No update,yelp,,softmax,1000,1.292562726775478
1,No update,airbnb,,softmax,1000,1.4723189295108194
1,No update,yelp,,softmax,1000,1.1343920380757364
2,No update,airbnb,,softmax,1000,1.101870401712452
2,No update,yelp,,softmax,1000,1.1652205961561743
2,No update,airbnb,,softmax,1000,1.2500579224660273
2,No update,yelp,,softmax,1000,1.1575647596506011
2,No update,airbnb,,softmax,1000,1.068853816390346
2,No update,yelp,,softmax,1000,1.2887207867191435
2,No update,airbnb,,softmax,1000,1.128621886538984
2,No update,yelp,,softmax,1000,1.1154970825738912
2,No update,airbnb,,softmax,1000,1.305315115091272
2,No update,yelp,,softmax,1000,1.1455509013106502
2,No update,airbnb,,softmax,1000,1.0148889008345372
2,No update,yelp,,softmax,1000,1.3047511919787398
2,No update,airbnb,,softmax,1000,1.2008555280204447
2,No update,yelp,,softmax,1000,1.2861026239597886
3,No update,airbnb,,softmax,1000,1.390031234580796
3,No update,yelp,,softmax,1000,1.207788162656059
3,No update,airbnb,,softmax,1000,1.1791704427628291
3,No update,yelp,,softmax,1000,1.3086908600878957
3,No update,airbnb,,softmax,1000,1.2429937181279855
3,No update,yelp,,softmax,1000,1.4955444433799567
3,No update,airbnb,,softmax,1000,1.183625103140081
3,No update,yelp,,softmax,1000,1.0857251979559865
3,No update,airbnb,,softmax,1000,1.4908371792872708
3,No update,yelp,,softmax,1000,1.3457222522278736
3,No update,airbnb,,softmax,1000,1.4564191655044962
3,No update,yelp,,softmax,1000,1.0362891093223388
3,No update,airbnb,,softmax,1000,1.2039241540024912
3,No update,yelp,,softmax,1000,1.1110852945562042
4,No update,airbnb,,softmax,1000,1.3403239413583385
4,No update,yelp,,softmax,1000,1.0474664729077214
4,No update,airbnb,,softmax,1000,1.437375203179473
4,No update,yelp,,softmax,1000,1.1960617956562145
4,No update,airbnb,,softmax,1000,1.3202370378193264
4,No update,yelp,,softmax,1000,1.2207953639738611
4,No update,airbnb,,softmax,1000,1.2758800874620255
4,No update,yelp,,softmax,1000,1.1231928462263974
4,No update,airbnb,,softmax,1000,1.1517032036825408
4,No update,yelp,,softmax,1000,1.2991954638396268
4,No update,airbnb,,softmax,1000,1.0647304171716043
4,No update,yelp,,softmax,1000,1.1533588935893486
4,No update,airbnb,,softmax,1000,1.1168111070317288
4,No update,yelp,,softmax,1000,1.4543225798503332
5,No update,airbnb,,softmax,1000,1.3438032015036816
5,No update,yelp,,softmax,1000,1.0106437361060159
5,No update,airbnb,,softmax,1000,1.348863678325946
5,No update,yelp,,softmax,1000,1.473182141655357
5,No update,airbnb,,softmax,1000,1.0288016703177363
5,No update,yelp,,softmax,1000,1.3936382222966133
5,No update,airbnb,,softmax,1000,1.4950532725277377
5,No update,yelp,,softmax,1000,1.0249890194328393
5,No update,airbnb,,softmax,1000,1.2541533304116748
5,No update,yelp,,softmax,1000,1.122067340617378
5,No update,airbnb,,softmax,1000,1.4162545938915543
5,No update,yelp,,softmax,1000,1.1672265688114853
5,No update,airbnb,,softmax,1000,1.4226139386733483
5,No update,yelp,,softmax,1000,1.1515095260835815
1,No update,airbnb,,softmax,2500,3.614408750579278
1,No update,yelp,,softmax,2500,3.513529289898398
1,No update,airbnb,,softmax,2500,2.5386052797883285
1,No update,yelp,,softmax,2500,3.56273373128988
1,No update,airbnb,,softmax,2500,3.0785829641342883
1,No update,yelp,,softmax,2500,2.8413699106091763
1,No update,airbnb,,softmax,2500,2.712492657889714
1,No update,yelp,,softmax,2500,2.6194497637996346
1,No update,airbnb,,softmax,2500,2.9795275663024374
1,No update,yelp,,softmax,2500,3.687238422405415
1,No update,airbnb,,softmax,2500,3.2807807411238423
1,No update,yelp,,softmax,2500,3.4201665942107065
1,No update,airbnb,,softmax,2500,3.460353881215034
1,No update,yelp,,softmax,2500,3.7058403172068064
2,No update,airbnb,,softmax,2500,2.6318621373791196
2,No update,yelp,,softmax,2500,2.963901051396369
2,No update,airbnb,,softmax,2500,3.6499603301359214
2,No update,yelp,,softmax,2500,3.5191268188968587
2,No update,airbnb,,softmax,2500,3.1255618724226766
2,No update,yelp,,softmax,2500,3.5484422204229378
2,No update,airbnb,,softmax,2500,2.7463439502418723
2,No update,yelp,,softmax,2500,3.334919955339292
2,No update,airbnb,,softmax,2500,2.8406211782640227
2,No update,yelp,,softmax,2500,2.846596487025174
2,No update,airbnb,,softmax,2500,3.3551801471215117
2,No update,yelp,,softmax,2500,3.097218677066713
2,No update,airbnb,,softmax,2500,3.698926760291069
2,No update,yelp,,softmax,2500,3.0070217926140197
3,No update,airbnb,,softmax,2500,3.0817782389919546
3,No update,yelp,,softmax,2500,2.6789998718933385
3,No update,airbnb,,softmax,2500,2.933365817603192
3,No update,yelp,,softmax,2500,2.7758389913122983
3,No update,airbnb,,softmax,2500,2.716754257181489
3,No update,yelp,,softmax,2500,2.5680228288593927
3,No update,airbnb,,softmax,2500,3.271900193320308
3,No update,yelp,,softmax,2500,3.1507586448043345
3,No update,airbnb,,softmax,2500,3.0840262164816408
3,No update,yelp,,softmax,2500,3.146455419133835
3,No update,airbnb,,softmax,2500,3.4957792513004726
3,No update,yelp,,softmax,2500,2.7145751807485077
3,No update,airbnb,,softmax,2500,3.2915435112109934
3,No update,yelp,,softmax,2500,3.6140884873942323
4,No update,airbnb,,softmax,2500,2.640720074133641
4,No update,yelp,,softmax,2500,3.586017580363901
4,No update,airbnb,,softmax,2500,2.509364065786636
4,No update,yelp,,softmax,2500,3.0114538434099636
4,No update,airbnb,,softmax,2500,2.5195184574270315
4,No update,yelp,,softmax,2500,3.3994954848150134
4,No update,airbnb,,softmax,2500,3.4025947406181247
4,No update,yelp,,softmax,2500,2.935849985174821
4,No update,airbnb,,softmax,2500,2.6918955236806537
4,No update,yelp,,softmax,2500,3.461238914730374
4,No update,airbnb,,softmax,2500,2.938848595335219
4,No update,yelp,,softmax,2500,2.9227656017678227
4,No update,airbnb,,softmax,2500,2.8127958147049084
4,No update,yelp,,softmax,2500,2.991122121279049
5,No update,airbnb,,softmax,2500,3.7445828131565704
5,No update,yelp,,softmax,2500,3.225435902048916
5,No update,airbnb,,softmax,2500,2.678179039750487
5,No update,yelp,,softmax,2500,2.587016475218795
5,No update,airbnb,,softmax,2500,3.430363844409132
5,No update,yelp,,softmax,2500,3.4107753156069793
5,No update,airbnb,,softmax,2500,2.8226455611955803
5,No update,yelp,,softmax,2500,3.4144672686907267
5,No update,airbnb,,softmax,2500,3.2273814407360852
5,No update,yelp,,softmax,2500,3.2155761459892562
5,No update,airbnb,,softmax,2500,3.2536616777330516
5,No update,yelp,,softmax,2500,3.303465068471348
5,No update,airbnb,,softmax,2500,2.900300712668021
5,No update,yelp,,softmax,2500,2.600952340161569
1,No update,airbnb,,softmax,5000,5.887685017781117
1,No update,yelp,,softmax,5000,6.492598635357983
1,No update,airbnb,,softmax,5000,6.869169538700933
1,No update,yelp,,softmax,5000,5.230184018046058
1,No update,airbnb,,softmax,5000,6.448945036252118
1,No update,yelp,,softmax,5000,5.957687768424301
1,No update,airbnb,,softmax,5000,7.047550596622489
1,No update,yelp,,softmax,5000,6.185735443826149
1,No update,airbnb,,softmax,5000,5.429147114401169
1,No update,yelp,,softmax,5000,5.1228116992642425
1,No update,airbnb,,softmax,5000,5.558081263254117
1,No update,yelp,,softmax,5000,6.924734046228369
1,No update,airbnb,,softmax,5000,5.519930117158175
1,No update,yelp,,softmax,5000,6.647899415441403
2,No update,airbnb,,softmax,5000,5.0862476022934455
2,No update,yelp,,softmax,5000,6.757154328892407
2,No update,airbnb,,softmax,5000,7.293497984911836
2,No update,yelp,,softmax,5000,6.387975557615808
2,No update,airbnb,,softmax,5000,6.796709220760764
2,No update,yelp,,softmax,5000,6.961078868298229
2,No update,airbnb,,softmax,5000,5.832284276572364
2,No update,yelp,,softmax,5000,5.45397569894802
2,No update,airbnb,,softmax,5000,7.332800768324254
2,No update,yelp,,softmax,5000,7.199349031797616
2,No update,airbnb,,softmax,5000,5.047747930267742
2,No update,yelp,,softmax,5000,5.166040005548383
2,No update,airbnb,,softmax,5000,5.965280014181819
2,No update,yelp,,softmax,5000,6.191572895592455
3,No update,airbnb,,softmax,5000,6.170930793442588
3,No update,yelp,,softmax,5000,5.498395955559559
3,No update,airbnb,,softmax,5000,5.9776853713613045
3,No update,yelp,,softmax,5000,6.97159599740845
3,No update,airbnb,,softmax,5000,7.438018798323452
3,No update,yelp,,softmax,5000,6.058130803807693
3,No update,airbnb,,softmax,5000,6.025789425244984
3,No update,yelp,,softmax,5000,7.310637888350305
3,No update,airbnb,,softmax,5000,5.235679293070834
3,No update,yelp,,softmax,5000,5.5634323377622055
3,No update,airbnb,,softmax,5000,6.823422615901085
3,No update,yelp,,softmax,5000,5.7303849917102285
3,No update,airbnb,,softmax,5000,7.215164144668815
3,No update,yelp,,softmax,5000,5.456236386491414
4,No update,airbnb,,softmax,5000,6.81651887556082
4,No update,yelp,,softmax,5000,7.490310963059862
4,No update,airbnb,,softmax,5000,7.001800447047799
4,No update,yelp,,softmax,5000,5.003673393541704
4,No update,airbnb,,softmax,5000,7.431053697926422
4,No update,yelp,,softmax,5000,5.815613473455858
4,No update,airbnb,,softmax,5000,5.859526534073245
4,No update,yelp,,softmax,5000,6.639511454307442
4,No update,airbnb,,softmax,5000,5.78321364996129
4,No update,yelp,,softmax,5000,7.189285169565315
4,No update,airbnb,,softmax,5000,5.22598674577623
4,No update,yelp,,softmax,5000,6.49894198725658
4,No update,airbnb,,softmax,5000,7.374829023007971
4,No update,yelp,,softmax,5000,5.270985490075253
5,No update,airbnb,,softmax,5000,7.195056816688379
5,No update,yelp,,softmax,5000,6.336907882504446
5,No update,airbnb,,softmax,5000,7.34112779423907
5,No update,yelp,,softmax,5000,6.580077348311027
5,No update,airbnb,,softmax,5000,5.822598914936364
5,No update,yelp,,softmax,5000,7.052774717480446
5,No update,airbnb,,softmax,5000,6.32673322442576
5,No update,yelp,,softmax,5000,7.216620009524518
5,No update,airbnb,,softmax,5000,7.402085624237529
5,No update,yelp,,softmax,5000,5.890708739557332
5,No update,airbnb,,softmax,5000,5.006100518417312
5,No update,yelp,,softmax,5000,5.25223374157489
5,No update,airbnb,,softmax,5000,6.078929347804399
5,No update,yelp,,softmax,5000,6.092262912463363
1,No update,airbnb,,softmax,10000,14.18755960024317
1,No update,yelp,,softmax,10000,10.060428525711282
1,No update,airbnb,,softmax,10000,14.959227605579168
1,No update,yelp,,softmax,10000,10.688083765557515
1,No update,airbnb,,softmax,10000,11.08082859412768
1,No update,yelp,,softmax,10000,10.75016061964642
1,No update,airbnb,,softmax,10000,12.701451339503066
1,No update,yelp,,softmax,10000,14.38365671252854
1,No update,airbnb,,softmax,10000,12.305953584589348
1,No update,yelp,,softmax,10000,12.717714457872571
1,No update,airbnb,,softmax,10000,13.63717570797689
1,No update,yelp,,softmax,10000,13.338928814209627
1,No update,airbnb,,softmax,10000,12.444107768709577
1,No update,yelp,,softmax,10000,12.988032179777578
2,No update,airbnb,,softmax,10000,12.621899647853763
2,No update,yelp,,softmax,10000,11.658460581406512
2,No update,airbnb,,softmax,10000,14.57817014859934
2,No update,yelp,,softmax,10000,13.368761698093444
2,No update,airbnb,,softmax,10000,11.49972444615476
2,No update,yelp,,softmax,10000,13.040141771692202
2,No update,airbnb,,softmax,10000,11.382997823741077
2,No update,yelp,,softmax,10000,10.839924855343146
2,No update,airbnb,,softmax,10000,10.538407671239863
2,No update,yelp,,softmax,10000,12.933893849297977
2,No update,airbnb,,softmax,10000,11.643207799273812
2,No update,yelp,,softmax,10000,10.064437690697416
2,No update,airbnb,,softmax,10000,13.236610450526992
2,No update,yelp,,softmax,10000,13.03435390862608
3,No update,airbnb,,softmax,10000,12.926185392878349
3,No update,yelp,,softmax,10000,13.353292883168107
3,No update,airbnb,,softmax,10000,12.748294372090834
3,No update,yelp,,softmax,10000,11.870472656750984
3,No update,airbnb,,softmax,10000,10.487512904605067
3,No update,yelp,,softmax,10000,14.839441068635912
3,No update,airbnb,,softmax,10000,12.502993683374974
3,No update,yelp,,softmax,10000,11.018946197961174
3,No update,airbnb,,softmax,10000,10.892128782126882
3,No update,yelp,,softmax,10000,10.156138081561206
3,No update,airbnb,,softmax,10000,14.183852519987163
3,No update,yelp,,softmax,10000,11.696075262768192
3,No update,airbnb,,softmax,10000,12.268281584684242
3,No update,yelp,,softmax,10000,14.555226378412954
4,No update,airbnb,,softmax,10000,14.49705504058869
4,No update,yelp,,softmax,10000,13.040089377814267
4,No update,airbnb,,softmax,10000,14.390391420945546
4,No update,yelp,,softmax,10000,13.822034464970233
4,No update,airbnb,,softmax,10000,10.436789337673725
4,No update,yelp,,softmax,10000,13.128739032134622
4,No update,airbnb,,softmax,10000,13.732629124975448
4,No update,yelp,,softmax,10000,10.155554102013983
4,No update,airbnb,,softmax,10000,12.688340694710027
4,No update,yelp,,softmax,10000,13.875568329524988
4,No update,airbnb,,softmax,10000,10.385967066084582
4,No update,yelp,,softmax,10000,13.74092600040702
4,No update,airbnb,,softmax,10000,10.672623999684246
4,No update,yelp,,softmax,10000,10.25367545241004
5,No update,airbnb,,softmax,10000,12.63758065867963
5,No update,yelp,,softmax,10000,11.986073699894714
5,No update,airbnb,,softmax,10000,14.399541062902765
5,No update,yelp,,softmax,10000,12.419003765842136
5,No update,airbnb,,softmax,10000,11.846236530933208
5,No update,yelp,,softmax,10000,12.320365565304717
5,No update,airbnb,,softmax,10000,13.41088528267482
5,No update,yelp,,softmax,10000,10.338342239671393
5,No update,airbnb,,softmax,10000,13.942246861838642
5,No update,yelp,,softmax,10000,14.35502144010022
5,No update,airbnb,,softmax,10000,14.930335371860414
5,No update,yelp,,softmax,10000,13.13506104683112
5,No update,airbnb,,softmax,10000,13.195730502305425
5,No update,yelp,,softmax,10000,12.304955550450524
